sno,record_date,country,regioncode,regionname,latitude,longitude,hospitalizedpatients,intensivecarepatients,totalhospitalizedpatients,homeconfinement,currentpositivecases,newpositivecases,recovered,deaths,totalpositivecases,testsperformed
,Date,Country,,RegionName,Latitude,Longitude,,,,,,,,,,
0.0,2020-02-24 18:00:00,ITA,13.0,Abruzzo,42.35122196,13.39843823,0.0,0.0,0.0,0.0,0.0,0.0,0.0,0.0,0.0,5.0
1.0,2020-02-24 18:00:00,ITA,17.0,Basilicata,40.63947052,15.80514834,0.0,0.0,0.0,0.0,0.0,0.0,0.0,0.0,0.0,0.0
2.0,2020-02-24 18:00:00,ITA,4.0,P.A. Bolzano,46.49933453,11.35662422,0.0,0.0,0.0,0.0,0.0,0.0,0.0,0.0,0.0,1.0
3.0,2020-02-24 18:00:00,ITA,18.0,Calabria,38.90597598,16.59440194,0.0,0.0,0.0,0.0,0.0,0.0,0.0,0.0,0.0,1.0
4.0,2020-02-24 18:00:00,ITA,15.0,Campania,40.83956555,14.25084984,0.0,0.0,0.0,0.0,0.0,0.0,0.0,0.0,0.0,10.0
5.0,2020-02-24 18:00:00,ITA,8.0,Emilia Romagna,44.49436681,11.341720800000001,10.0,2.0,12.0,6.0,18.0,18.0,0.0,0.0,18.0,148.0
6.0,2020-02-24 18:00:00,ITA,6.0,Friuli Venezia Giulia,45.6494354,13.76813649,0.0,0.0,0.0,0.0,0.0,0.0,0.0,0.0,0.0,58.0
7.0,2020-02-24 18:00:00,ITA,12.0,Lazio,41.89277044,12.48366722,1.0,1.0,2.0,0.0,2.0,2.0,1.0,0.0,3.0,124.0
8.0,2020-02-24 18:00:00,ITA,7.0,Liguria,44.41149315,8.9326992,0.0,0.0,0.0,0.0,0.0,0.0,0.0,0.0,0.0,1.0
9.0,2020-02-24 18:00:00,ITA,3.0,Lombardia,45.46679409,9.190347404,76.0,19.0,95.0,71.0,166.0,166.0,0.0,6.0,172.0,1463.0
10.0,2020-02-24 18:00:00,ITA,11.0,Marche,43.61675973,13.5188753,0.0,0.0,0.0,0.0,0.0,0.0,0.0,0.0,0.0,16.0
11.0,2020-02-24 18:00:00,ITA,14.0,Molise,41.55774754,14.65916051,0.0,0.0,0.0,0.0,0.0,0.0,0.0,0.0,0.0,0.0
12.0,2020-02-24 18:00:00,ITA,1.0,Piemonte,45.0732745,7.680687483,2.0,0.0,2.0,1.0,3.0,3.0,0.0,0.0,3.0,141.0
13.0,2020-02-24 18:00:00,ITA,16.0,Puglia,41.12559576,16.86736689,0.0,0.0,0.0,0.0,0.0,0.0,0.0,0.0,0.0,0.0
14.0,2020-02-24 18:00:00,ITA,20.0,Sardegna,39.21531192,9.110616306,0.0,0.0,0.0,0.0,0.0,0.0,0.0,0.0,0.0,1.0
15.0,2020-02-24 18:00:00,ITA,19.0,Sicilia,38.11569725,13.362356699999998,0.0,0.0,0.0,0.0,0.0,0.0,0.0,0.0,0.0,5.0
16.0,2020-02-24 18:00:00,ITA,9.0,Toscana,43.76923077,11.25588885,0.0,0.0,0.0,0.0,0.0,0.0,0.0,0.0,0.0,140.0
17.0,2020-02-24 18:00:00,ITA,4.0,P.A. Trento,46.06893511,11.12123097,0.0,0.0,0.0,0.0,0.0,0.0,0.0,0.0,0.0,3.0
18.0,2020-02-24 18:00:00,ITA,10.0,Umbria,43.10675841,12.38824698,0.0,0.0,0.0,0.0,0.0,0.0,0.0,0.0,0.0,0.0
19.0,2020-02-24 18:00:00,ITA,2.0,Valle d'Aosta,45.73750286,7.320149366,0.0,0.0,0.0,0.0,0.0,0.0,0.0,0.0,0.0,7.0
20.0,2020-02-24 18:00:00,ITA,5.0,Veneto,45.43490485,12.33845213,12.0,4.0,16.0,16.0,32.0,32.0,0.0,1.0,33.0,2200.0
21.0,2020-02-25 18:00:00,ITA,13.0,Abruzzo,42.35122196,13.39843823,0.0,0.0,0.0,0.0,0.0,0.0,0.0,0.0,0.0,5.0
22.0,2020-02-25 18:00:00,ITA,17.0,Basilicata,40.63947052,15.80514834,0.0,0.0,0.0,0.0,0.0,0.0,0.0,0.0,0.0,0.0
23.0,2020-02-25 18:00:00,ITA,4.0,P.A. Bolzano,46.49933453,11.35662422,1.0,0.0,1.0,0.0,1.0,1.0,0.0,0.0,1.0,1.0
24.0,2020-02-25 18:00:00,ITA,18.0,Calabria,38.90597598,16.59440194,0.0,0.0,0.0,0.0,0.0,0.0,0.0,0.0,0.0,2.0
25.0,2020-02-25 18:00:00,ITA,15.0,Campania,40.83956555,14.25084984,0.0,0.0,0.0,0.0,0.0,0.0,0.0,0.0,0.0,10.0
26.0,2020-02-25 18:00:00,ITA,8.0,Emilia Romagna,44.49436681,11.341720800000001,15.0,2.0,17.0,9.0,26.0,8.0,0.0,0.0,26.0,391.0
27.0,2020-02-25 18:00:00,ITA,6.0,Friuli Venezia Giulia,45.6494354,13.76813649,0.0,0.0,0.0,0.0,0.0,0.0,0.0,0.0,0.0,89.0
28.0,2020-02-25 18:00:00,ITA,12.0,Lazio,41.89277044,12.48366722,1.0,1.0,2.0,0.0,2.0,0.0,1.0,0.0,3.0,124.0
29.0,2020-02-25 18:00:00,ITA,7.0,Liguria,44.41149315,8.9326992,1.0,0.0,1.0,0.0,1.0,1.0,0.0,0.0,1.0,39.0
30.0,2020-02-25 18:00:00,ITA,3.0,Lombardia,45.46679409,9.190347404,79.0,25.0,104.0,127.0,231.0,65.0,0.0,9.0,240.0,3700.0
31.0,2020-02-25 18:00:00,ITA,11.0,Marche,43.61675973,13.5188753,0.0,0.0,0.0,0.0,0.0,0.0,0.0,0.0,0.0,21.0
32.0,2020-02-25 18:00:00,ITA,14.0,Molise,41.55774754,14.65916051,0.0,0.0,0.0,0.0,0.0,0.0,0.0,0.0,0.0,0.0
33.0,2020-02-25 18:00:00,ITA,1.0,Piemonte,45.0732745,7.680687483,2.0,0.0,2.0,1.0,3.0,0.0,0.0,0.0,3.0,141.0
34.0,2020-02-25 18:00:00,ITA,16.0,Puglia,41.12559576,16.86736689,0.0,0.0,0.0,0.0,0.0,0.0,0.0,0.0,0.0,0.0
35.0,2020-02-25 18:00:00,ITA,20.0,Sardegna,39.21531192,9.110616306,0.0,0.0,0.0,0.0,0.0,0.0,0.0,0.0,0.0,1.0
36.0,2020-02-25 18:00:00,ITA,19.0,Sicilia,38.11569725,13.362356699999998,1.0,0.0,2.0,2.0,3.0,3.0,0.0,0.0,3.0,5.0
37.0,2020-02-25 18:00:00,ITA,9.0,Toscana,43.76923077,11.25588885,2.0,0.0,2.0,0.0,2.0,2.0,0.0,0.0,2.0,296.0
38.0,2020-02-25 18:00:00,ITA,4.0,P.A. Trento,46.06893511,11.12123097,0.0,0.0,0.0,0.0,0.0,0.0,0.0,0.0,0.0,3.0
39.0,2020-02-25 18:00:00,ITA,10.0,Umbria,43.10675841,12.38824698,0.0,0.0,0.0,0.0,0.0,0.0,0.0,0.0,0.0,8.0
40.0,2020-02-25 18:00:00,ITA,2.0,Valle d'Aosta,45.73750286,7.320149366,0.0,0.0,0.0,0.0,0.0,0.0,0.0,0.0,0.0,7.0
41.0,2020-02-25 18:00:00,ITA,5.0,Veneto,45.43490485,12.33845213,12.0,7.0,19.0,23.0,42.0,10.0,0.0,1.0,43.0,3780.0
42.0,2020-02-26 18:00:00,ITA,13.0,Abruzzo,42.35122196,13.39843823,0.0,0.0,0.0,0.0,0.0,0.0,0.0,0.0,0.0,13.0
43.0,2020-02-26 18:00:00,ITA,17.0,Basilicata,40.63947052,15.80514834,0.0,0.0,0.0,0.0,0.0,0.0,0.0,0.0,0.0,0.0
44.0,2020-02-26 18:00:00,ITA,4.0,P.A. Bolzano,46.49933453,11.35662422,1.0,0.0,1.0,0.0,1.0,0.0,0.0,0.0,1.0,1.0
45.0,2020-02-26 18:00:00,ITA,18.0,Calabria,38.90597598,16.59440194,0.0,0.0,0.0,0.0,0.0,0.0,0.0,0.0,0.0,3.0
46.0,2020-02-26 18:00:00,ITA,15.0,Campania,40.83956555,14.25084984,0.0,0.0,0.0,0.0,0.0,0.0,0.0,0.0,0.0,10.0
47.0,2020-02-26 18:00:00,ITA,8.0,Emilia Romagna,44.49436681,11.341720800000001,20.0,3.0,23.0,23.0,46.0,20.0,0.0,1.0,47.0,577.0
48.0,2020-02-26 18:00:00,ITA,6.0,Friuli Venezia Giulia,45.6494354,13.76813649,0.0,0.0,0.0,0.0,0.0,0.0,0.0,0.0,0.0,114.0
49.0,2020-02-26 18:00:00,ITA,12.0,Lazio,41.89277044,12.48366722,0.0,0.0,0.0,0.0,0.0,-2.0,3.0,0.0,3.0,124.0
50.0,2020-02-26 18:00:00,ITA,7.0,Liguria,44.41149315,8.9326992,6.0,0.0,6.0,5.0,11.0,10.0,0.0,0.0,11.0,66.0
51.0,2020-02-26 18:00:00,ITA,3.0,Lombardia,45.46679409,9.190347404,79.0,25.0,104.0,145.0,249.0,18.0,0.0,9.0,258.0,3208.0
52.0,2020-02-26 18:00:00,ITA,11.0,Marche,43.61675973,13.5188753,1.0,0.0,1.0,0.0,1.0,1.0,0.0,0.0,1.0,28.0
53.0,2020-02-26 18:00:00,ITA,14.0,Molise,41.55774754,14.65916051,0.0,0.0,0.0,0.0,0.0,0.0,0.0,0.0,0.0,0.0
54.0,2020-02-26 18:00:00,ITA,1.0,Piemonte,45.0732745,7.680687483,2.0,0.0,2.0,1.0,3.0,0.0,0.0,0.0,3.0,156.0
55.0,2020-02-26 18:00:00,ITA,16.0,Puglia,41.12559576,16.86736689,0.0,0.0,0.0,0.0,0.0,0.0,0.0,0.0,0.0,0.0
56.0,2020-02-26 18:00:00,ITA,20.0,Sardegna,39.21531192,9.110616306,0.0,0.0,0.0,0.0,0.0,0.0,0.0,0.0,0.0,1.0
57.0,2020-02-26 18:00:00,ITA,19.0,Sicilia,38.11569725,13.362356699999998,1.0,0.0,1.0,2.0,3.0,0.0,0.0,0.0,3.0,5.0
58.0,2020-02-26 18:00:00,ITA,9.0,Toscana,43.76923077,11.25588885,2.0,0.0,2.0,0.0,2.0,0.0,0.0,0.0,2.0,363.0
59.0,2020-02-26 18:00:00,ITA,4.0,P.A. Trento,46.06893511,11.12123097,0.0,0.0,0.0,0.0,0.0,0.0,0.0,0.0,0.0,3.0
60.0,2020-02-26 18:00:00,ITA,10.0,Umbria,43.10675841,12.38824698,0.0,0.0,0.0,0.0,0.0,0.0,0.0,0.0,0.0,8.0
61.0,2020-02-26 18:00:00,ITA,2.0,Valle d'Aosta,45.73750286,7.320149366,0.0,0.0,0.0,0.0,0.0,0.0,0.0,0.0,0.0,7.0
62.0,2020-02-26 18:00:00,ITA,5.0,Veneto,45.43490485,12.33845213,16.0,8.0,24.0,45.0,69.0,27.0,0.0,2.0,71.0,4900.0
63.0,2020-02-27 18:00:00,ITA,13.0,Abruzzo,42.35122196,13.39843823,1.0,0.0,1.0,0.0,1.0,1.0,0.0,0.0,1.0,33.0
64.0,2020-02-27 18:00:00,ITA,17.0,Basilicata,40.63947052,15.80514834,0.0,0.0,0.0,0.0,0.0,0.0,0.0,0.0,0.0,0.0
65.0,2020-02-27 18:00:00,ITA,4.0,P.A. Bolzano,46.49933453,11.35662422,1.0,0.0,1.0,0.0,1.0,0.0,0.0,0.0,1.0,2.0
66.0,2020-02-27 18:00:00,ITA,18.0,Calabria,38.90597598,16.59440194,0.0,0.0,0.0,0.0,0.0,0.0,0.0,0.0,0.0,14.0
67.0,2020-02-27 18:00:00,ITA,15.0,Campania,40.83956555,14.25084984,2.0,0.0,2.0,1.0,3.0,3.0,0.0,0.0,3.0,10.0
68.0,2020-02-27 18:00:00,ITA,8.0,Emilia Romagna,44.49436681,11.341720800000001,36.0,6.0,42.0,54.0,96.0,50.0,0.0,1.0,97.0,1033.0
69.0,2020-02-27 18:00:00,ITA,6.0,Friuli Venezia Giulia,45.6494354,13.76813649,0.0,0.0,0.0,0.0,0.0,0.0,0.0,0.0,0.0,141.0
70.0,2020-02-27 18:00:00,ITA,12.0,Lazio,41.89277044,12.48366722,0.0,0.0,0.0,0.0,0.0,0.0,3.0,0.0,3.0,552.0
71.0,2020-02-27 18:00:00,ITA,7.0,Liguria,44.41149315,8.9326992,9.0,0.0,9.0,10.0,19.0,8.0,0.0,0.0,19.0,78.0
72.0,2020-02-27 18:00:00,ITA,3.0,Lombardia,45.46679409,9.190347404,172.0,41.0,213.0,136.0,349.0,100.0,40.0,14.0,403.0,3320.0
73.0,2020-02-27 18:00:00,ITA,11.0,Marche,43.61675973,13.5188753,2.0,1.0,3.0,0.0,3.0,2.0,0.0,0.0,3.0,46.0
74.0,2020-02-27 18:00:00,ITA,14.0,Molise,41.55774754,14.65916051,0.0,0.0,0.0,0.0,0.0,0.0,0.0,0.0,0.0,0.0
75.0,2020-02-27 18:00:00,ITA,1.0,Piemonte,45.0732745,7.680687483,2.0,0.0,2.0,0.0,2.0,-1.0,0.0,0.0,2.0,156.0
76.0,2020-02-27 18:00:00,ITA,16.0,Puglia,41.12559576,16.86736689,1.0,0.0,1.0,0.0,1.0,1.0,0.0,0.0,1.0,0.0
77.0,2020-02-27 18:00:00,ITA,20.0,Sardegna,39.21531192,9.110616306,0.0,0.0,0.0,0.0,0.0,0.0,0.0,0.0,0.0,1.0
78.0,2020-02-27 18:00:00,ITA,19.0,Sicilia,38.11569725,13.362356699999998,1.0,0.0,1.0,1.0,2.0,-1.0,2.0,0.0,4.0,5.0
79.0,2020-02-27 18:00:00,ITA,9.0,Toscana,43.76923077,11.25588885,2.0,0.0,2.0,0.0,2.0,0.0,0.0,0.0,2.0,410.0
80.0,2020-02-27 18:00:00,ITA,4.0,P.A. Trento,46.06893511,11.12123097,0.0,0.0,0.0,0.0,0.0,0.0,0.0,0.0,0.0,32.0
81.0,2020-02-27 18:00:00,ITA,10.0,Umbria,43.10675841,12.38824698,0.0,0.0,0.0,0.0,0.0,0.0,0.0,0.0,0.0,8.0
82.0,2020-02-27 18:00:00,ITA,2.0,Valle d'Aosta,45.73750286,7.320149366,0.0,0.0,0.0,0.0,0.0,0.0,0.0,0.0,0.0,9.0
83.0,2020-02-27 18:00:00,ITA,5.0,Veneto,45.43490485,12.33845213,19.0,8.0,27.0,82.0,109.0,40.0,0.0,2.0,111.0,6164.0
84.0,2020-02-28 18:00:00,ITA,13.0,Abruzzo,42.35122196,13.39843823,1.0,0.0,1.0,0.0,1.0,0.0,0.0,0.0,1.0,33.0
85.0,2020-02-28 18:00:00,ITA,17.0,Basilicata,40.63947052,15.80514834,0.0,0.0,0.0,0.0,0.0,0.0,0.0,0.0,0.0,0.0
86.0,2020-02-28 18:00:00,ITA,4.0,P.A. Bolzano,46.49933453,11.35662422,1.0,0.0,1.0,0.0,1.0,0.0,0.0,0.0,1.0,2.0
87.0,2020-02-28 18:00:00,ITA,18.0,Calabria,38.90597598,16.59440194,0.0,0.0,0.0,1.0,1.0,1.0,0.0,0.0,1.0,21.0
88.0,2020-02-28 18:00:00,ITA,15.0,Campania,40.83956555,14.25084984,2.0,0.0,2.0,2.0,4.0,1.0,0.0,0.0,4.0,213.0
89.0,2020-02-28 18:00:00,ITA,8.0,Emilia Romagna,44.49436681,11.341720800000001,56.0,6.0,62.0,81.0,143.0,47.0,0.0,2.0,145.0,1277.0
90.0,2020-02-28 18:00:00,ITA,6.0,Friuli Venezia Giulia,45.6494354,13.76813649,0.0,0.0,0.0,0.0,0.0,0.0,0.0,0.0,0.0,169.0
91.0,2020-02-28 18:00:00,ITA,12.0,Lazio,41.89277044,12.48366722,0.0,0.0,0.0,0.0,0.0,0.0,3.0,0.0,3.0,611.0
92.0,2020-02-28 18:00:00,ITA,7.0,Liguria,44.41149315,8.9326992,9.0,0.0,9.0,10.0,19.0,0.0,0.0,0.0,19.0,112.0
93.0,2020-02-28 18:00:00,ITA,3.0,Lombardia,45.46679409,9.190347404,235.0,47.0,282.0,192.0,474.0,125.0,40.0,17.0,531.0,4835.0
94.0,2020-02-28 18:00:00,ITA,11.0,Marche,43.61675973,13.5188753,3.0,2.0,5.0,1.0,6.0,3.0,0.0,0.0,6.0,47.0
95.0,2020-02-28 18:00:00,ITA,14.0,Molise,41.55774754,14.65916051,0.0,0.0,0.0,0.0,0.0,0.0,0.0,0.0,0.0,0.0
96.0,2020-02-28 18:00:00,ITA,1.0,Piemonte,45.0732745,7.680687483,7.0,0.0,7.0,4.0,11.0,9.0,0.0,0.0,11.0,227.0
97.0,2020-02-28 18:00:00,ITA,16.0,Puglia,41.12559576,16.86736689,1.0,0.0,1.0,2.0,3.0,2.0,0.0,0.0,3.0,242.0
98.0,2020-02-28 18:00:00,ITA,20.0,Sardegna,39.21531192,9.110616306,0.0,0.0,0.0,0.0,0.0,0.0,0.0,0.0,0.0,1.0
99.0,2020-02-28 18:00:00,ITA,19.0,Sicilia,38.11569725,13.362356699999998,1.0,0.0,1.0,1.0,2.0,0.0,2.0,0.0,4.0,5.0
100.0,2020-02-28 18:00:00,ITA,9.0,Toscana,43.76923077,11.25588885,5.0,0.0,5.0,2.0,7.0,5.0,1.0,0.0,8.0,437.0
101.0,2020-02-28 18:00:00,ITA,4.0,P.A. Trento,46.06893511,11.12123097,0.0,0.0,0.0,0.0,0.0,0.0,0.0,0.0,0.0,32.0
102.0,2020-02-28 18:00:00,ITA,10.0,Umbria,43.10675841,12.38824698,0.0,0.0,0.0,0.0,0.0,0.0,0.0,0.0,0.0,8.0
103.0,2020-02-28 18:00:00,ITA,2.0,Valle d'Aosta,45.73750286,7.320149366,0.0,0.0,0.0,0.0,0.0,0.0,0.0,0.0,0.0,9.0
104.0,2020-02-28 18:00:00,ITA,5.0,Veneto,45.43490485,12.33845213,24.0,9.0,33.0,116.0,149.0,40.0,0.0,2.0,151.0,7414.0
105.0,2020-02-29 17:00:00,ITA,13.0,Abruzzo,42.35122196,13.39843823,2.0,0.0,2.0,0.0,2.0,1.0,0.0,0.0,2.0,43.0
106.0,2020-02-29 17:00:00,ITA,17.0,Basilicata,40.63947052,15.80514834,0.0,0.0,0.0,0.0,0.0,0.0,0.0,0.0,0.0,32.0
107.0,2020-02-29 17:00:00,ITA,4.0,P.A. Bolzano,46.49933453,11.35662422,1.0,0.0,1.0,0.0,1.0,0.0,0.0,0.0,1.0,16.0
108.0,2020-02-29 17:00:00,ITA,18.0,Calabria,38.90597598,16.59440194,0.0,0.0,0.0,1.0,1.0,0.0,0.0,0.0,1.0,27.0
109.0,2020-02-29 17:00:00,ITA,15.0,Campania,40.83956555,14.25084984,3.0,0.0,3.0,10.0,13.0,9.0,0.0,0.0,13.0,373.0
110.0,2020-02-29 17:00:00,ITA,8.0,Emilia Romagna,44.49436681,11.341720800000001,86.0,11.0,97.0,116.0,213.0,70.0,0.0,4.0,217.0,1550.0
111.0,2020-02-29 17:00:00,ITA,6.0,Friuli Venezia Giulia,45.6494354,13.76813649,0.0,0.0,0.0,0.0,0.0,0.0,0.0,0.0,0.0,189.0
112.0,2020-02-29 17:00:00,ITA,12.0,Lazio,41.89277044,12.48366722,3.0,0.0,3.0,0.0,3.0,3.0,3.0,0.0,6.0,679.0
113.0,2020-02-29 17:00:00,ITA,7.0,Liguria,44.41149315,8.9326992,4.0,1.0,5.0,33.0,38.0,19.0,4.0,0.0,42.0,121.0
114.0,2020-02-29 17:00:00,ITA,3.0,Lombardia,45.46679409,9.190347404,256.0,80.0,336.0,216.0,552.0,78.0,40.0,23.0,615.0,5723.0
115.0,2020-02-29 17:00:00,ITA,11.0,Marche,43.61675973,13.5188753,6.0,2.0,8.0,3.0,11.0,5.0,0.0,0.0,11.0,68.0
116.0,2020-02-29 17:00:00,ITA,14.0,Molise,41.55774754,14.65916051,0.0,0.0,0.0,0.0,0.0,0.0,0.0,0.0,0.0,0.0
117.0,2020-02-29 17:00:00,ITA,1.0,Piemonte,45.0732745,7.680687483,7.0,0.0,7.0,4.0,11.0,0.0,0.0,0.0,11.0,308.0
118.0,2020-02-29 17:00:00,ITA,16.0,Puglia,41.12559576,16.86736689,1.0,0.0,1.0,2.0,3.0,0.0,0.0,0.0,3.0,252.0
119.0,2020-02-29 17:00:00,ITA,20.0,Sardegna,39.21531192,9.110616306,0.0,0.0,0.0,0.0,0.0,0.0,0.0,0.0,0.0,1.0
120.0,2020-02-29 17:00:00,ITA,19.0,Sicilia,38.11569725,13.362356699999998,1.0,0.0,1.0,1.0,2.0,0.0,2.0,0.0,4.0,6.0
121.0,2020-02-29 17:00:00,ITA,9.0,Toscana,43.76923077,11.25588885,7.0,0.0,7.0,3.0,10.0,3.0,1.0,0.0,11.0,531.0
122.0,2020-02-29 17:00:00,ITA,4.0,P.A. Trento,46.06893511,11.12123097,0.0,0.0,0.0,0.0,0.0,0.0,0.0,0.0,0.0,43.0
123.0,2020-02-29 17:00:00,ITA,10.0,Umbria,43.10675841,12.38824698,0.0,0.0,0.0,0.0,0.0,0.0,0.0,0.0,0.0,31.0
124.0,2020-02-29 17:00:00,ITA,2.0,Valle d'Aosta,45.73750286,7.320149366,0.0,0.0,0.0,0.0,0.0,0.0,0.0,0.0,0.0,9.0
125.0,2020-02-29 17:00:00,ITA,5.0,Veneto,45.43490485,12.33845213,24.0,11.0,35.0,154.0,189.0,40.0,0.0,2.0,191.0,8659.0
126.0,2020-03-01 17:00:00,ITA,13.0,Abruzzo,42.35122196,13.39843823,3.0,0.0,3.0,2.0,5.0,3.0,0.0,0.0,5.0,52.0
127.0,2020-03-01 17:00:00,ITA,17.0,Basilicata,40.63947052,15.80514834,0.0,0.0,0.0,0.0,0.0,0.0,0.0,0.0,0.0,39.0
128.0,2020-03-01 17:00:00,ITA,4.0,P.A. Bolzano,46.49933453,11.35662422,1.0,0.0,1.0,0.0,1.0,0.0,0.0,0.0,1.0,20.0
129.0,2020-03-01 17:00:00,ITA,18.0,Calabria,38.90597598,16.59440194,0.0,0.0,0.0,1.0,1.0,0.0,0.0,0.0,1.0,35.0
130.0,2020-03-01 17:00:00,ITA,15.0,Campania,40.83956555,14.25084984,4.0,0.0,4.0,13.0,17.0,4.0,0.0,0.0,17.0,373.0
131.0,2020-03-01 17:00:00,ITA,8.0,Emilia Romagna,44.49436681,11.341720800000001,127.0,13.0,140.0,137.0,277.0,64.0,0.0,8.0,285.0,1795.0
132.0,2020-03-01 17:00:00,ITA,6.0,Friuli Venezia Giulia,45.6494354,13.76813649,0.0,0.0,0.0,6.0,6.0,6.0,0.0,0.0,6.0,243.0
133.0,2020-03-01 17:00:00,ITA,12.0,Lazio,41.89277044,12.48366722,3.0,0.0,3.0,0.0,3.0,0.0,3.0,0.0,6.0,724.0
134.0,2020-03-01 17:00:00,ITA,7.0,Liguria,44.41149315,8.9326992,12.0,1.0,13.0,8.0,21.0,-17.0,4.0,0.0,25.0,121.0
135.0,2020-03-01 17:00:00,ITA,3.0,Lombardia,45.46679409,9.190347404,406.0,106.0,512.0,375.0,887.0,335.0,73.0,24.0,984.0,6879.0
136.0,2020-03-01 17:00:00,ITA,11.0,Marche,43.61675973,13.5188753,12.0,5.0,17.0,8.0,25.0,14.0,0.0,0.0,25.0,101.0
137.0,2020-03-01 17:00:00,ITA,14.0,Molise,41.55774754,14.65916051,0.0,0.0,0.0,0.0,0.0,0.0,0.0,0.0,0.0,6.0
138.0,2020-03-01 17:00:00,ITA,1.0,Piemonte,45.0732745,7.680687483,11.0,2.0,13.0,36.0,49.0,38.0,0.0,0.0,49.0,362.0
139.0,2020-03-01 17:00:00,ITA,16.0,Puglia,41.12559576,16.86736689,1.0,0.0,1.0,2.0,3.0,0.0,0.0,0.0,3.0,262.0
140.0,2020-03-01 17:00:00,ITA,20.0,Sardegna,39.21531192,9.110616306,0.0,0.0,0.0,0.0,0.0,0.0,0.0,0.0,0.0,29.0
141.0,2020-03-01 17:00:00,ITA,19.0,Sicilia,38.11569725,13.362356699999998,1.0,0.0,1.0,6.0,7.0,5.0,2.0,0.0,9.0,291.0
142.0,2020-03-01 17:00:00,ITA,9.0,Toscana,43.76923077,11.25588885,7.0,0.0,7.0,5.0,12.0,2.0,1.0,0.0,13.0,572.0
143.0,2020-03-01 17:00:00,ITA,4.0,P.A. Trento,46.06893511,11.12123097,0.0,0.0,0.0,0.0,0.0,0.0,0.0,0.0,0.0,122.0
144.0,2020-03-01 17:00:00,ITA,10.0,Umbria,43.10675841,12.38824698,0.0,0.0,0.0,2.0,2.0,2.0,0.0,0.0,2.0,35.0
145.0,2020-03-01 17:00:00,ITA,2.0,Valle d'Aosta,45.73750286,7.320149366,0.0,0.0,0.0,0.0,0.0,0.0,0.0,0.0,0.0,10.0
146.0,2020-03-01 17:00:00,ITA,5.0,Veneto,45.43490485,12.33845213,51.0,13.0,64.0,197.0,261.0,72.0,0.0,2.0,263.0,9056.0
147.0,2020-03-02 18:00:00,ITA,13.0,Abruzzo,42.35122196,13.39843823,3.0,0.0,3.0,2.0,5.0,0.0,0.0,0.0,5.0,52.0
148.0,2020-03-02 18:00:00,ITA,17.0,Basilicata,40.63947052,15.80514834,0.0,0.0,0.0,0.0,0.0,0.0,0.0,0.0,0.0,39.0
149.0,2020-03-02 18:00:00,ITA,4.0,P.A. Bolzano,46.49933453,11.35662422,1.0,0.0,1.0,0.0,1.0,0.0,0.0,0.0,1.0,20.0
150.0,2020-03-02 18:00:00,ITA,18.0,Calabria,38.90597598,16.59440194,0.0,0.0,0.0,1.0,1.0,0.0,0.0,0.0,1.0,39.0
151.0,2020-03-02 18:00:00,ITA,15.0,Campania,40.83956555,14.25084984,4.0,0.0,4.0,13.0,17.0,0.0,0.0,0.0,17.0,373.0
152.0,2020-03-02 18:00:00,ITA,8.0,Emilia Romagna,44.49436681,11.341720800000001,148.0,16.0,164.0,160.0,324.0,47.0,0.0,11.0,335.0,1973.0
153.0,2020-03-02 18:00:00,ITA,6.0,Friuli Venezia Giulia,45.6494354,13.76813649,0.0,0.0,0.0,9.0,9.0,3.0,0.0,0.0,9.0,269.0
154.0,2020-03-02 18:00:00,ITA,12.0,Lazio,41.89277044,12.48366722,3.0,0.0,3.0,1.0,4.0,1.0,3.0,0.0,7.0,773.0
155.0,2020-03-02 18:00:00,ITA,7.0,Liguria,44.41149315,8.9326992,12.0,1.0,13.0,5.0,18.0,-3.0,4.0,0.0,22.0,121.0
156.0,2020-03-02 18:00:00,ITA,3.0,Lombardia,45.46679409,9.190347404,478.0,127.0,605.0,472.0,1077.0,190.0,139.0,38.0,1254.0,7925.0
157.0,2020-03-02 18:00:00,ITA,11.0,Marche,43.61675973,13.5188753,17.0,6.0,23.0,11.0,34.0,9.0,0.0,1.0,35.0,137.0
158.0,2020-03-02 18:00:00,ITA,14.0,Molise,41.55774754,14.65916051,0.0,0.0,0.0,0.0,0.0,0.0,0.0,0.0,0.0,13.0
159.0,2020-03-02 18:00:00,ITA,1.0,Piemonte,45.0732745,7.680687483,12.0,2.0,14.0,37.0,51.0,2.0,0.0,0.0,51.0,434.0
160.0,2020-03-02 18:00:00,ITA,16.0,Puglia,41.12559576,16.86736689,2.0,0.0,2.0,2.0,4.0,1.0,0.0,0.0,4.0,278.0
161.0,2020-03-02 18:00:00,ITA,20.0,Sardegna,39.21531192,9.110616306,0.0,0.0,0.0,0.0,0.0,0.0,0.0,0.0,0.0,29.0
162.0,2020-03-02 18:00:00,ITA,19.0,Sicilia,38.11569725,13.362356699999998,2.0,0.0,2.0,3.0,5.0,-2.0,2.0,0.0,7.0,307.0
163.0,2020-03-02 18:00:00,ITA,9.0,Toscana,43.76923077,11.25588885,7.0,0.0,7.0,5.0,12.0,0.0,1.0,0.0,13.0,613.0
164.0,2020-03-02 18:00:00,ITA,4.0,P.A. Trento,46.06893511,11.12123097,0.0,0.0,0.0,0.0,0.0,0.0,0.0,0.0,0.0,122.0
165.0,2020-03-02 18:00:00,ITA,10.0,Umbria,43.10675841,12.38824698,0.0,0.0,0.0,2.0,2.0,0.0,0.0,0.0,2.0,35.0
166.0,2020-03-02 18:00:00,ITA,2.0,Valle d'Aosta,45.73750286,7.320149366,0.0,0.0,0.0,0.0,0.0,0.0,0.0,0.0,0.0,11.0
167.0,2020-03-02 18:00:00,ITA,5.0,Veneto,45.43490485,12.33845213,53.0,14.0,67.0,204.0,271.0,10.0,0.0,2.0,273.0,9782.0
168.0,2020-03-03 18:00:00,ITA,13.0,Abruzzo,42.35122196,13.39843823,5.0,0.0,5.0,1.0,6.0,1.0,0.0,0.0,6.0,52.0
169.0,2020-03-03 18:00:00,ITA,17.0,Basilicata,40.63947052,15.80514834,0.0,0.0,0.0,1.0,1.0,1.0,0.0,0.0,1.0,42.0
170.0,2020-03-03 18:00:00,ITA,4.0,P.A. Bolzano,46.49933453,11.35662422,1.0,0.0,1.0,0.0,1.0,0.0,0.0,0.0,1.0,20.0
171.0,2020-03-03 18:00:00,ITA,18.0,Calabria,38.90597598,16.59440194,0.0,0.0,0.0,1.0,1.0,0.0,0.0,0.0,1.0,39.0
172.0,2020-03-03 18:00:00,ITA,15.0,Campania,40.83956555,14.25084984,11.0,0.0,11.0,19.0,30.0,13.0,0.0,0.0,30.0,405.0
173.0,2020-03-03 18:00:00,ITA,8.0,Emilia Romagna,44.49436681,11.341720800000001,187.0,24.0,211.0,187.0,398.0,74.0,4.0,18.0,420.0,2012.0
174.0,2020-03-03 18:00:00,ITA,6.0,Friuli Venezia Giulia,45.6494354,13.76813649,1.0,0.0,1.0,12.0,13.0,4.0,0.0,0.0,13.0,354.0
175.0,2020-03-03 18:00:00,ITA,12.0,Lazio,41.89277044,12.48366722,10.0,0.0,10.0,1.0,11.0,7.0,3.0,0.0,14.0,877.0
176.0,2020-03-03 18:00:00,ITA,7.0,Liguria,44.41149315,8.9326992,12.0,2.0,14.0,5.0,19.0,1.0,4.0,1.0,24.0,121.0
177.0,2020-03-03 18:00:00,ITA,3.0,Lombardia,45.46679409,9.190347404,698.0,167.0,865.0,461.0,1326.0,249.0,139.0,55.0,1520.0,9577.0
178.0,2020-03-03 18:00:00,ITA,11.0,Marche,43.61675973,13.5188753,27.0,13.0,40.0,19.0,59.0,25.0,0.0,2.0,61.0,200.0
179.0,2020-03-03 18:00:00,ITA,14.0,Molise,41.55774754,14.65916051,3.0,0.0,3.0,0.0,3.0,3.0,0.0,0.0,3.0,13.0
180.0,2020-03-03 18:00:00,ITA,1.0,Piemonte,45.0732745,7.680687483,13.0,3.0,16.0,40.0,56.0,5.0,0.0,0.0,56.0,458.0
181.0,2020-03-03 18:00:00,ITA,16.0,Puglia,41.12559576,16.86736689,2.0,0.0,2.0,4.0,6.0,2.0,0.0,0.0,6.0,298.0
182.0,2020-03-03 18:00:00,ITA,20.0,Sardegna,39.21531192,9.110616306,1.0,0.0,1.0,0.0,1.0,1.0,0.0,0.0,1.0,29.0
183.0,2020-03-03 18:00:00,ITA,19.0,Sicilia,38.11569725,13.362356699999998,2.0,0.0,2.0,3.0,5.0,0.0,2.0,0.0,7.0,307.0
184.0,2020-03-03 18:00:00,ITA,9.0,Toscana,43.76923077,11.25588885,10.0,0.0,10.0,8.0,18.0,6.0,1.0,0.0,19.0,697.0
185.0,2020-03-03 18:00:00,ITA,4.0,P.A. Trento,46.06893511,11.12123097,1.0,0.0,1.0,3.0,4.0,4.0,0.0,0.0,4.0,122.0
186.0,2020-03-03 18:00:00,ITA,10.0,Umbria,43.10675841,12.38824698,1.0,1.0,2.0,6.0,8.0,6.0,0.0,0.0,8.0,45.0
187.0,2020-03-03 18:00:00,ITA,2.0,Valle d'Aosta,45.73750286,7.320149366,0.0,0.0,0.0,0.0,0.0,0.0,0.0,0.0,0.0,12.0
188.0,2020-03-03 18:00:00,ITA,5.0,Veneto,45.43490485,12.33845213,49.0,19.0,68.0,229.0,297.0,26.0,7.0,3.0,307.0,10176.0
189.0,2020-03-04 17:00:00,ITA,13.0,Abruzzo,42.35122196,13.39843823,7.0,0.0,7.0,0.0,7.0,1.0,0.0,0.0,7.0,85.0
190.0,2020-03-04 17:00:00,ITA,17.0,Basilicata,40.63947052,15.80514834,0.0,0.0,0.0,1.0,1.0,0.0,0.0,0.0,1.0,48.0
191.0,2020-03-04 17:00:00,ITA,4.0,P.A. Bolzano,46.49933453,11.35662422,1.0,0.0,1.0,0.0,1.0,0.0,0.0,0.0,1.0,20.0
192.0,2020-03-04 17:00:00,ITA,18.0,Calabria,38.90597598,16.59440194,0.0,0.0,0.0,1.0,1.0,0.0,0.0,0.0,1.0,46.0
193.0,2020-03-04 17:00:00,ITA,15.0,Campania,40.83956555,14.25084984,11.0,0.0,11.0,20.0,31.0,1.0,0.0,0.0,31.0,429.0
194.0,2020-03-04 17:00:00,ITA,8.0,Emilia Romagna,44.49436681,11.341720800000001,256.0,26.0,282.0,234.0,516.0,118.0,6.0,22.0,544.0,2500.0
195.0,2020-03-04 17:00:00,ITA,6.0,Friuli Venezia Giulia,45.6494354,13.76813649,3.0,0.0,3.0,15.0,18.0,5.0,0.0,0.0,18.0,376.0
196.0,2020-03-04 17:00:00,ITA,12.0,Lazio,41.89277044,12.48366722,15.0,3.0,18.0,9.0,27.0,16.0,3.0,0.0,30.0,995.0
197.0,2020-03-04 17:00:00,ITA,7.0,Liguria,44.41149315,8.9326992,10.0,3.0,13.0,8.0,21.0,2.0,4.0,1.0,26.0,133.0
198.0,2020-03-04 17:00:00,ITA,3.0,Lombardia,45.46679409,9.190347404,877.0,209.0,1086.0,411.0,1497.0,171.0,250.0,73.0,1820.0,12138.0
199.0,2020-03-04 17:00:00,ITA,11.0,Marche,43.61675973,13.5188753,34.0,15.0,49.0,31.0,80.0,21.0,0.0,4.0,84.0,288.0
200.0,2020-03-04 17:00:00,ITA,14.0,Molise,41.55774754,14.65916051,3.0,0.0,3.0,0.0,3.0,0.0,0.0,0.0,3.0,19.0
201.0,2020-03-04 17:00:00,ITA,1.0,Piemonte,45.0732745,7.680687483,26.0,13.0,39.0,43.0,82.0,26.0,0.0,0.0,82.0,543.0
202.0,2020-03-04 17:00:00,ITA,16.0,Puglia,41.12559576,16.86736689,4.0,0.0,4.0,3.0,7.0,1.0,1.0,1.0,9.0,322.0
203.0,2020-03-04 17:00:00,ITA,20.0,Sardegna,39.21531192,9.110616306,1.0,0.0,1.0,1.0,2.0,1.0,0.0,0.0,2.0,42.0
204.0,2020-03-04 17:00:00,ITA,19.0,Sicilia,38.11569725,13.362356699999998,5.0,0.0,5.0,11.0,16.0,11.0,2.0,0.0,18.0,367.0
205.0,2020-03-04 17:00:00,ITA,9.0,Toscana,43.76923077,11.25588885,15.0,2.0,17.0,20.0,37.0,19.0,1.0,0.0,38.0,776.0
206.0,2020-03-04 17:00:00,ITA,4.0,P.A. Trento,46.06893511,11.12123097,1.0,0.0,1.0,4.0,5.0,1.0,0.0,0.0,5.0,122.0
207.0,2020-03-04 17:00:00,ITA,10.0,Umbria,43.10675841,12.38824698,1.0,1.0,2.0,7.0,9.0,1.0,0.0,0.0,9.0,58.0
208.0,2020-03-04 17:00:00,ITA,2.0,Valle d'Aosta,45.73750286,7.320149366,0.0,0.0,0.0,0.0,0.0,0.0,0.0,0.0,0.0,15.0
209.0,2020-03-04 17:00:00,ITA,5.0,Veneto,45.43490485,12.33845213,76.0,23.0,99.0,246.0,345.0,48.0,9.0,6.0,360.0,10515.0
210.0,2020-03-05 17:00:00,ITA,13.0,Abruzzo,42.35122196,13.39843823,8.0,0.0,8.0,0.0,8.0,1.0,0.0,0.0,8.0,96.0
211.0,2020-03-05 17:00:00,ITA,17.0,Basilicata,40.63947052,15.80514834,0.0,0.0,0.0,1.0,1.0,0.0,0.0,0.0,1.0,54.0
212.0,2020-03-05 17:00:00,ITA,4.0,P.A. Bolzano,46.49933453,11.35662422,1.0,0.0,1.0,0.0,1.0,0.0,0.0,0.0,1.0,20.0
213.0,2020-03-05 17:00:00,ITA,18.0,Calabria,38.90597598,16.59440194,1.0,0.0,1.0,1.0,2.0,1.0,0.0,0.0,2.0,53.0
214.0,2020-03-05 17:00:00,ITA,15.0,Campania,40.83956555,14.25084984,12.0,0.0,12.0,33.0,45.0,14.0,0.0,0.0,45.0,471.0
215.0,2020-03-05 17:00:00,ITA,8.0,Emilia Romagna,44.49436681,11.341720800000001,327.0,32.0,359.0,299.0,658.0,142.0,10.0,30.0,698.0,2884.0
216.0,2020-03-05 17:00:00,ITA,6.0,Friuli Venezia Giulia,45.6494354,13.76813649,4.0,0.0,4.0,17.0,21.0,3.0,0.0,0.0,21.0,397.0
217.0,2020-03-05 17:00:00,ITA,12.0,Lazio,41.89277044,12.48366722,20.0,7.0,27.0,14.0,41.0,14.0,3.0,0.0,44.0,1175.0
218.0,2020-03-05 17:00:00,ITA,7.0,Liguria,44.41149315,8.9326992,11.0,3.0,14.0,7.0,21.0,0.0,4.0,3.0,28.0,146.0
219.0,2020-03-05 17:00:00,ITA,3.0,Lombardia,45.46679409,9.190347404,1169.0,244.0,1413.0,364.0,1777.0,280.0,376.0,98.0,2251.0,12354.0
220.0,2020-03-05 17:00:00,ITA,11.0,Marche,43.61675973,13.5188753,57.0,19.0,76.0,44.0,120.0,40.0,0.0,4.0,124.0,413.0
221.0,2020-03-05 17:00:00,ITA,14.0,Molise,41.55774754,14.65916051,4.0,0.0,4.0,3.0,7.0,4.0,0.0,0.0,7.0,24.0
222.0,2020-03-05 17:00:00,ITA,1.0,Piemonte,45.0732745,7.680687483,43.0,17.0,60.0,46.0,106.0,24.0,0.0,2.0,108.0,543.0
223.0,2020-03-05 17:00:00,ITA,16.0,Puglia,41.12559576,16.86736689,5.0,1.0,6.0,6.0,12.0,5.0,1.0,1.0,14.0,359.0
224.0,2020-03-05 17:00:00,ITA,20.0,Sardegna,39.21531192,9.110616306,2.0,0.0,2.0,0.0,2.0,0.0,0.0,0.0,2.0,50.0
225.0,2020-03-05 17:00:00,ITA,19.0,Sicilia,38.11569725,13.362356699999998,5.0,0.0,5.0,11.0,16.0,0.0,2.0,0.0,18.0,367.0
226.0,2020-03-05 17:00:00,ITA,9.0,Toscana,43.76923077,11.25588885,26.0,3.0,29.0,31.0,60.0,23.0,1.0,0.0,61.0,776.0
227.0,2020-03-05 17:00:00,ITA,4.0,P.A. Trento,46.06893511,11.12123097,2.0,0.0,2.0,5.0,7.0,2.0,0.0,0.0,7.0,122.0
228.0,2020-03-05 17:00:00,ITA,10.0,Umbria,43.10675841,12.38824698,1.0,1.0,2.0,7.0,9.0,0.0,0.0,0.0,9.0,88.0
229.0,2020-03-05 17:00:00,ITA,2.0,Valle d'Aosta,45.73750286,7.320149366,0.0,0.0,0.0,2.0,2.0,2.0,0.0,0.0,2.0,21.0
230.0,2020-03-05 17:00:00,ITA,5.0,Veneto,45.43490485,12.33845213,92.0,24.0,116.0,264.0,380.0,35.0,17.0,10.0,407.0,11949.0
231.0,2020-03-06 17:00:00,ITA,13.0,Abruzzo,42.35122196,13.39843823,9.0,0.0,9.0,0.0,9.0,1.0,0.0,0.0,9.0,96.0
232.0,2020-03-06 17:00:00,ITA,17.0,Basilicata,40.63947052,15.80514834,1.0,0.0,1.0,2.0,3.0,2.0,0.0,0.0,3.0,63.0
233.0,2020-03-06 17:00:00,ITA,4.0,P.A. Bolzano,46.49933453,11.35662422,4.0,0.0,4.0,0.0,4.0,3.0,0.0,0.0,4.0,36.0
234.0,2020-03-06 17:00:00,ITA,18.0,Calabria,38.90597598,16.59440194,2.0,0.0,2.0,2.0,4.0,2.0,0.0,0.0,4.0,99.0
235.0,2020-03-06 17:00:00,ITA,15.0,Campania,40.83956555,14.25084984,12.0,0.0,12.0,45.0,57.0,12.0,0.0,0.0,57.0,471.0
236.0,2020-03-06 17:00:00,ITA,8.0,Emilia Romagna,44.49436681,11.341720800000001,397.0,53.0,450.0,366.0,816.0,158.0,17.0,37.0,870.0,3136.0
237.0,2020-03-06 17:00:00,ITA,6.0,Friuli Venezia Giulia,45.6494354,13.76813649,4.0,0.0,4.0,24.0,28.0,7.0,3.0,0.0,31.0,577.0
238.0,2020-03-06 17:00:00,ITA,12.0,Lazio,41.89277044,12.48366722,26.0,8.0,34.0,16.0,50.0,9.0,3.0,1.0,54.0,1373.0
239.0,2020-03-06 17:00:00,ITA,7.0,Liguria,44.41149315,8.9326992,12.0,5.0,17.0,7.0,24.0,3.0,5.0,3.0,32.0,229.0
240.0,2020-03-06 17:00:00,ITA,3.0,Lombardia,45.46679409,9.190347404,1622.0,309.0,1931.0,77.0,2008.0,231.0,469.0,135.0,2612.0,13556.0
241.0,2020-03-06 17:00:00,ITA,11.0,Marche,43.61675973,13.5188753,73.0,20.0,93.0,62.0,155.0,35.0,0.0,4.0,159.0,585.0
242.0,2020-03-06 17:00:00,ITA,14.0,Molise,41.55774754,14.65916051,3.0,2.0,5.0,7.0,12.0,5.0,0.0,0.0,12.0,104.0
243.0,2020-03-06 17:00:00,ITA,1.0,Piemonte,45.0732745,7.680687483,57.0,30.0,87.0,52.0,139.0,33.0,0.0,4.0,143.0,793.0
244.0,2020-03-06 17:00:00,ITA,16.0,Puglia,41.12559576,16.86736689,5.0,1.0,6.0,9.0,15.0,3.0,1.0,1.0,17.0,395.0
245.0,2020-03-06 17:00:00,ITA,20.0,Sardegna,39.21531192,9.110616306,2.0,0.0,2.0,3.0,5.0,3.0,0.0,0.0,5.0,99.0
246.0,2020-03-06 17:00:00,ITA,19.0,Sicilia,38.11569725,13.362356699999998,7.0,0.0,7.0,15.0,22.0,6.0,2.0,0.0,24.0,367.0
247.0,2020-03-06 17:00:00,ITA,9.0,Toscana,43.76923077,11.25588885,35.0,5.0,40.0,38.0,78.0,18.0,1.0,0.0,79.0,1097.0
248.0,2020-03-06 17:00:00,ITA,4.0,P.A. Trento,46.06893511,11.12123097,4.0,0.0,4.0,6.0,10.0,3.0,0.0,0.0,10.0,122.0
249.0,2020-03-06 17:00:00,ITA,10.0,Umbria,43.10675841,12.38824698,2.0,2.0,4.0,12.0,16.0,7.0,0.0,0.0,16.0,110.0
250.0,2020-03-06 17:00:00,ITA,2.0,Valle d'Aosta,45.73750286,7.320149366,0.0,0.0,0.0,7.0,7.0,5.0,0.0,0.0,7.0,28.0
251.0,2020-03-06 17:00:00,ITA,5.0,Veneto,45.43490485,12.33845213,117.0,27.0,144.0,310.0,454.0,74.0,22.0,12.0,488.0,13023.0
252.0,2020-03-07 18:00:00,ITA,13.0,Abruzzo,42.35122196,13.39843823,11.0,0.0,11.0,0.0,11.0,2.0,0.0,0.0,11.0,123.0
253.0,2020-03-07 18:00:00,ITA,17.0,Basilicata,40.63947052,15.80514834,1.0,0.0,1.0,2.0,3.0,0.0,0.0,0.0,3.0,75.0
254.0,2020-03-07 18:00:00,ITA,4.0,P.A. Bolzano,46.49933453,11.35662422,8.0,0.0,8.0,1.0,9.0,5.0,0.0,0.0,9.0,36.0
255.0,2020-03-07 18:00:00,ITA,18.0,Calabria,38.90597598,16.59440194,2.0,0.0,2.0,2.0,4.0,0.0,0.0,0.0,4.0,113.0
256.0,2020-03-07 18:00:00,ITA,15.0,Campania,40.83956555,14.25084984,16.0,0.0,16.0,45.0,61.0,4.0,0.0,0.0,61.0,612.0
257.0,2020-03-07 18:00:00,ITA,8.0,Emilia Romagna,44.49436681,11.341720800000001,464.0,64.0,528.0,409.0,937.0,121.0,25.0,48.0,1010.0,3604.0
258.0,2020-03-07 18:00:00,ITA,6.0,Friuli Venezia Giulia,45.6494354,13.76813649,7.0,1.0,8.0,31.0,39.0,11.0,3.0,0.0,42.0,577.0
259.0,2020-03-07 18:00:00,ITA,12.0,Lazio,41.89277044,12.48366722,43.0,8.0,51.0,21.0,72.0,22.0,3.0,1.0,76.0,1582.0
260.0,2020-03-07 18:00:00,ITA,7.0,Liguria,44.41149315,8.9326992,26.0,6.0,32.0,10.0,42.0,18.0,5.0,4.0,51.0,331.0
261.0,2020-03-07 18:00:00,ITA,3.0,Lombardia,45.46679409,9.190347404,1661.0,359.0,2020.0,722.0,2742.0,734.0,524.0,154.0,3420.0,15778.0
262.0,2020-03-07 18:00:00,ITA,11.0,Marche,43.61675973,13.5188753,94.0,36.0,130.0,71.0,201.0,46.0,0.0,6.0,207.0,816.0
263.0,2020-03-07 18:00:00,ITA,14.0,Molise,41.55774754,14.65916051,3.0,2.0,5.0,9.0,14.0,2.0,0.0,0.0,14.0,112.0
264.0,2020-03-07 18:00:00,ITA,1.0,Piemonte,45.0732745,7.680687483,110.0,38.0,148.0,54.0,202.0,63.0,0.0,5.0,207.0,1046.0
265.0,2020-03-07 18:00:00,ITA,16.0,Puglia,41.12559576,16.86736689,9.0,2.0,11.0,12.0,23.0,8.0,1.0,2.0,26.0,395.0
266.0,2020-03-07 18:00:00,ITA,20.0,Sardegna,39.21531192,9.110616306,2.0,0.0,2.0,3.0,5.0,0.0,0.0,0.0,5.0,99.0
267.0,2020-03-07 18:00:00,ITA,19.0,Sicilia,38.11569725,13.362356699999998,8.0,0.0,8.0,25.0,33.0,11.0,2.0,0.0,35.0,643.0
268.0,2020-03-07 18:00:00,ITA,9.0,Toscana,43.76923077,11.25588885,54.0,7.0,61.0,51.0,112.0,34.0,1.0,0.0,113.0,1331.0
269.0,2020-03-07 18:00:00,ITA,4.0,P.A. Trento,46.06893511,11.12123097,6.0,1.0,7.0,7.0,14.0,4.0,0.0,0.0,14.0,194.0
270.0,2020-03-07 18:00:00,ITA,10.0,Umbria,43.10675841,12.38824698,2.0,2.0,4.0,20.0,24.0,8.0,0.0,0.0,24.0,134.0
271.0,2020-03-07 18:00:00,ITA,2.0,Valle d'Aosta,45.73750286,7.320149366,1.0,0.0,1.0,7.0,8.0,1.0,0.0,0.0,8.0,32.0
272.0,2020-03-07 18:00:00,ITA,5.0,Veneto,45.43490485,12.33845213,123.0,41.0,164.0,341.0,505.0,51.0,25.0,13.0,543.0,14429.0
273.0,2020-03-08 18:00:00,ITA,13.0,Abruzzo,42.35122196,13.39843823,14.0,0.0,14.0,3.0,17.0,6.0,0.0,0.0,17.0,163.0
274.0,2020-03-08 18:00:00,ITA,17.0,Basilicata,40.63947052,15.80514834,2.0,0.0,2.0,2.0,4.0,1.0,0.0,0.0,4.0,123.0
275.0,2020-03-08 18:00:00,ITA,4.0,P.A. Bolzano,46.49933453,11.35662422,8.0,0.0,8.0,1.0,9.0,0.0,0.0,0.0,9.0,36.0
276.0,2020-03-08 18:00:00,ITA,18.0,Calabria,38.90597598,16.59440194,5.0,0.0,5.0,4.0,9.0,5.0,0.0,0.0,9.0,113.0
277.0,2020-03-08 18:00:00,ITA,15.0,Campania,40.83956555,14.25084984,30.0,7.0,37.0,63.0,100.0,39.0,1.0,0.0,101.0,980.0
278.0,2020-03-08 18:00:00,ITA,8.0,Emilia Romagna,44.49436681,11.341720800000001,542.0,75.0,617.0,480.0,1097.0,160.0,27.0,56.0,1180.0,4344.0
279.0,2020-03-08 18:00:00,ITA,6.0,Friuli Venezia Giulia,45.6494354,13.76813649,7.0,1.0,8.0,45.0,53.0,14.0,3.0,1.0,57.0,997.0
280.0,2020-03-08 18:00:00,ITA,12.0,Lazio,41.89277044,12.48366722,47.0,8.0,55.0,26.0,81.0,9.0,3.0,3.0,87.0,1929.0
281.0,2020-03-08 18:00:00,ITA,7.0,Liguria,44.41149315,8.9326992,39.0,11.0,50.0,17.0,67.0,25.0,5.0,6.0,78.0,401.0
282.0,2020-03-08 18:00:00,ITA,3.0,Lombardia,45.46679409,9.190347404,2217.0,399.0,2616.0,756.0,3372.0,630.0,550.0,267.0,4189.0,18534.0
283.0,2020-03-08 18:00:00,ITA,11.0,Marche,43.61675973,13.5188753,110.0,41.0,151.0,114.0,265.0,64.0,0.0,7.0,272.0,1025.0
284.0,2020-03-08 18:00:00,ITA,14.0,Molise,41.55774754,14.65916051,4.0,2.0,6.0,8.0,14.0,0.0,0.0,0.0,14.0,116.0
285.0,2020-03-08 18:00:00,ITA,1.0,Piemonte,45.0732745,7.680687483,245.0,45.0,290.0,65.0,355.0,153.0,0.0,5.0,360.0,1636.0
286.0,2020-03-08 18:00:00,ITA,16.0,Puglia,41.12559576,16.86736689,17.0,3.0,20.0,16.0,36.0,13.0,1.0,3.0,40.0,627.0
287.0,2020-03-08 18:00:00,ITA,20.0,Sardegna,39.21531192,9.110616306,5.0,0.0,5.0,6.0,11.0,6.0,0.0,0.0,11.0,149.0
288.0,2020-03-08 18:00:00,ITA,19.0,Sicilia,38.11569725,13.362356699999998,18.0,0.0,18.0,33.0,51.0,18.0,2.0,0.0,53.0,791.0
289.0,2020-03-08 18:00:00,ITA,9.0,Toscana,43.76923077,11.25588885,91.0,7.0,98.0,67.0,165.0,53.0,1.0,0.0,166.0,1618.0
290.0,2020-03-08 18:00:00,ITA,4.0,P.A. Trento,46.06893511,11.12123097,7.0,2.0,9.0,14.0,23.0,9.0,0.0,0.0,23.0,228.0
291.0,2020-03-08 18:00:00,ITA,10.0,Umbria,43.10675841,12.38824698,2.0,2.0,4.0,22.0,26.0,2.0,0.0,0.0,26.0,168.0
292.0,2020-03-08 18:00:00,ITA,2.0,Valle d'Aosta,45.73750286,7.320149366,1.0,0.0,1.0,8.0,9.0,1.0,0.0,0.0,9.0,41.0
293.0,2020-03-08 18:00:00,ITA,5.0,Veneto,45.43490485,12.33845213,146.0,47.0,193.0,430.0,623.0,118.0,29.0,18.0,670.0,15918.0
294.0,2020-03-09 18:00:00,ITA,13.0,Abruzzo,42.35122196,13.39843823,25.0,0.0,25.0,5.0,30.0,13.0,0.0,0.0,30.0,237.0
295.0,2020-03-09 18:00:00,ITA,17.0,Basilicata,40.63947052,15.80514834,2.0,0.0,2.0,3.0,5.0,1.0,0.0,0.0,5.0,135.0
296.0,2020-03-09 18:00:00,ITA,4.0,P.A. Bolzano,46.49933453,11.35662422,8.0,0.0,8.0,1.0,9.0,0.0,0.0,0.0,9.0,36.0
297.0,2020-03-09 18:00:00,ITA,18.0,Calabria,38.90597598,16.59440194,8.0,0.0,8.0,1.0,9.0,0.0,2.0,0.0,11.0,173.0
298.0,2020-03-09 18:00:00,ITA,15.0,Campania,40.83956555,14.25084984,42.0,8.0,50.0,69.0,119.0,19.0,1.0,0.0,120.0,980.0
299.0,2020-03-09 18:00:00,ITA,8.0,Emilia Romagna,44.49436681,11.341720800000001,576.0,90.0,666.0,620.0,1286.0,189.0,30.0,70.0,1386.0,4906.0
300.0,2020-03-09 18:00:00,ITA,6.0,Friuli Venezia Giulia,45.6494354,13.76813649,18.0,1.0,19.0,70.0,89.0,36.0,3.0,1.0,93.0,1344.0
301.0,2020-03-09 18:00:00,ITA,12.0,Lazio,41.89277044,12.48366722,55.0,8.0,63.0,31.0,94.0,13.0,3.0,5.0,102.0,1929.0
302.0,2020-03-09 18:00:00,ITA,7.0,Liguria,44.41149315,8.9326992,60.0,17.0,77.0,20.0,97.0,30.0,5.0,7.0,109.0,611.0
303.0,2020-03-09 18:00:00,ITA,3.0,Lombardia,45.46679409,9.190347404,2802.0,440.0,3242.0,1248.0,4490.0,1118.0,646.0,333.0,5469.0,20135.0
304.0,2020-03-09 18:00:00,ITA,11.0,Marche,43.61675973,13.5188753,136.0,47.0,183.0,130.0,313.0,48.0,0.0,10.0,323.0,1250.0
305.0,2020-03-09 18:00:00,ITA,14.0,Molise,41.55774754,14.65916051,4.0,2.0,6.0,8.0,14.0,0.0,0.0,0.0,14.0,212.0
306.0,2020-03-09 18:00:00,ITA,1.0,Piemonte,45.0732745,7.680687483,222.0,50.0,272.0,65.0,337.0,-18.0,0.0,13.0,350.0,1681.0
307.0,2020-03-09 18:00:00,ITA,16.0,Puglia,41.12559576,16.86736689,20.0,6.0,26.0,20.0,46.0,10.0,1.0,3.0,50.0,685.0
308.0,2020-03-09 18:00:00,ITA,20.0,Sardegna,39.21531192,9.110616306,8.0,0.0,8.0,11.0,19.0,8.0,0.0,0.0,19.0,185.0
309.0,2020-03-09 18:00:00,ITA,19.0,Sicilia,38.11569725,13.362356699999998,19.0,0.0,19.0,33.0,52.0,1.0,2.0,0.0,54.0,836.0
310.0,2020-03-09 18:00:00,ITA,9.0,Toscana,43.76923077,11.25588885,107.0,9.0,116.0,90.0,206.0,41.0,1.0,1.0,208.0,2018.0
311.0,2020-03-09 18:00:00,ITA,4.0,P.A. Trento,46.06893511,11.12123097,10.0,2.0,12.0,21.0,33.0,10.0,0.0,0.0,33.0,267.0
312.0,2020-03-09 18:00:00,ITA,10.0,Umbria,43.10675841,12.38824698,4.0,2.0,6.0,22.0,28.0,2.0,0.0,0.0,28.0,183.0
313.0,2020-03-09 18:00:00,ITA,2.0,Valle d'Aosta,45.73750286,7.320149366,4.0,0.0,4.0,11.0,15.0,6.0,0.0,0.0,15.0,67.0
314.0,2020-03-09 18:00:00,ITA,5.0,Veneto,45.43490485,12.33845213,186.0,51.0,237.0,457.0,694.0,71.0,30.0,20.0,744.0,15956.0
315.0,2020-03-10 18:00:00,ITA,13.0,Abruzzo,42.35122196,13.39843823,17.0,9.0,26.0,11.0,37.0,7.0,0.0,1.0,38.0,310.0
316.0,2020-03-10 18:00:00,ITA,17.0,Basilicata,40.63947052,15.80514834,2.0,0.0,2.0,5.0,7.0,2.0,0.0,0.0,7.0,148.0
317.0,2020-03-10 18:00:00,ITA,4.0,P.A. Bolzano,46.49933453,11.35662422,17.0,1.0,18.0,20.0,38.0,29.0,0.0,0.0,38.0,36.0
318.0,2020-03-10 18:00:00,ITA,18.0,Calabria,38.90597598,16.59440194,8.0,2.0,10.0,1.0,11.0,2.0,2.0,0.0,13.0,360.0
319.0,2020-03-10 18:00:00,ITA,15.0,Campania,40.83956555,14.25084984,33.0,8.0,41.0,85.0,126.0,7.0,1.0,0.0,127.0,1141.0
320.0,2020-03-10 18:00:00,ITA,8.0,Emilia Romagna,44.49436681,11.341720800000001,669.0,98.0,767.0,650.0,1417.0,131.0,31.0,85.0,1533.0,5494.0
321.0,2020-03-10 18:00:00,ITA,6.0,Friuli Venezia Giulia,45.6494354,13.76813649,27.0,6.0,33.0,77.0,110.0,21.0,3.0,3.0,116.0,1602.0
322.0,2020-03-10 18:00:00,ITA,12.0,Lazio,41.89277044,12.48366722,50.0,15.0,65.0,34.0,99.0,5.0,11.0,6.0,116.0,3591.0
323.0,2020-03-10 18:00:00,ITA,7.0,Liguria,44.41149315,8.9326992,57.0,29.0,86.0,42.0,128.0,31.0,5.0,8.0,141.0,694.0
324.0,2020-03-10 18:00:00,ITA,3.0,Lombardia,45.46679409,9.190347404,3319.0,466.0,3785.0,642.0,4427.0,-63.0,896.0,468.0,5791.0,21479.0
325.0,2020-03-10 18:00:00,ITA,11.0,Marche,43.61675973,13.5188753,152.0,54.0,206.0,175.0,381.0,68.0,0.0,13.0,394.0,1437.0
326.0,2020-03-10 18:00:00,ITA,14.0,Molise,41.55774754,14.65916051,3.0,3.0,6.0,9.0,15.0,1.0,0.0,0.0,15.0,225.0
327.0,2020-03-10 18:00:00,ITA,1.0,Piemonte,45.0732745,7.680687483,306.0,66.0,372.0,64.0,436.0,99.0,0.0,17.0,453.0,2374.0
328.0,2020-03-10 18:00:00,ITA,16.0,Puglia,41.12559576,16.86736689,28.0,6.0,34.0,21.0,55.0,9.0,1.0,3.0,59.0,747.0
329.0,2020-03-10 18:00:00,ITA,20.0,Sardegna,39.21531192,9.110616306,9.0,0.0,9.0,11.0,20.0,1.0,0.0,0.0,20.0,204.0
330.0,2020-03-10 18:00:00,ITA,19.0,Sicilia,38.11569725,13.362356699999998,17.0,2.0,19.0,41.0,60.0,8.0,2.0,0.0,62.0,955.0
331.0,2020-03-10 18:00:00,ITA,9.0,Toscana,43.76923077,11.25588885,91.0,40.0,131.0,129.0,260.0,54.0,3.0,1.0,264.0,2573.0
332.0,2020-03-10 18:00:00,ITA,4.0,P.A. Trento,46.06893511,11.12123097,19.0,3.0,22.0,28.0,50.0,17.0,2.0,0.0,52.0,399.0
333.0,2020-03-10 18:00:00,ITA,10.0,Umbria,43.10675841,12.38824698,8.0,2.0,10.0,27.0,37.0,9.0,0.0,0.0,37.0,260.0
334.0,2020-03-10 18:00:00,ITA,2.0,Valle d'Aosta,45.73750286,7.320149366,2.0,0.0,2.0,15.0,17.0,2.0,0.0,0.0,17.0,89.0
335.0,2020-03-10 18:00:00,ITA,5.0,Veneto,45.43490485,12.33845213,204.0,67.0,271.0,512.0,783.0,89.0,47.0,26.0,856.0,16643.0
336.0,2020-03-11 17:00:00,ITA,13.0,Abruzzo,42.35122196,13.39843823,17.0,9.0,26.0,11.0,37.0,0.0,0.0,1.0,38.0,310.0
337.0,2020-03-11 17:00:00,ITA,17.0,Basilicata,40.63947052,15.80514834,1.0,1.0,2.0,6.0,8.0,1.0,0.0,0.0,8.0,155.0
338.0,2020-03-11 17:00:00,ITA,4.0,P.A. Bolzano,46.49933453,11.35662422,8.0,4.0,12.0,63.0,75.0,37.0,0.0,0.0,75.0,75.0
339.0,2020-03-11 17:00:00,ITA,18.0,Calabria,38.90597598,16.59440194,10.0,2.0,12.0,5.0,17.0,6.0,2.0,0.0,19.0,405.0
340.0,2020-03-11 17:00:00,ITA,15.0,Campania,40.83956555,14.25084984,56.0,11.0,67.0,82.0,149.0,23.0,4.0,1.0,154.0,1375.0
341.0,2020-03-11 17:00:00,ITA,8.0,Emilia Romagna,44.49436681,11.341720800000001,745.0,104.0,849.0,739.0,1588.0,171.0,38.0,113.0,1739.0,6640.0
342.0,2020-03-11 17:00:00,ITA,6.0,Friuli Venezia Giulia,45.6494354,13.76813649,16.0,5.0,21.0,89.0,110.0,0.0,10.0,6.0,126.0,2073.0
343.0,2020-03-11 17:00:00,ITA,12.0,Lazio,41.89277044,12.48366722,67.0,18.0,85.0,40.0,125.0,26.0,19.0,6.0,150.0,3591.0
344.0,2020-03-11 17:00:00,ITA,7.0,Liguria,44.41149315,8.9326992,74.0,34.0,108.0,73.0,181.0,53.0,5.0,8.0,194.0,1025.0
345.0,2020-03-11 17:00:00,ITA,3.0,Lombardia,45.46679409,9.190347404,3852.0,560.0,4412.0,1351.0,5763.0,1336.0,900.0,617.0,7280.0,25629.0
346.0,2020-03-11 17:00:00,ITA,11.0,Marche,43.61675973,13.5188753,212.0,66.0,278.0,183.0,461.0,80.0,0.0,18.0,479.0,1656.0
347.0,2020-03-11 17:00:00,ITA,14.0,Molise,41.55774754,14.65916051,4.0,3.0,7.0,9.0,16.0,1.0,0.0,0.0,16.0,233.0
348.0,2020-03-11 17:00:00,ITA,1.0,Piemonte,45.0732745,7.680687483,319.0,75.0,394.0,86.0,480.0,44.0,0.0,21.0,501.0,2431.0
349.0,2020-03-11 17:00:00,ITA,16.0,Puglia,41.12559576,16.86736689,38.0,4.0,42.0,29.0,71.0,16.0,1.0,5.0,77.0,909.0
350.0,2020-03-11 17:00:00,ITA,20.0,Sardegna,39.21531192,9.110616306,10.0,0.0,10.0,27.0,37.0,17.0,0.0,0.0,37.0,283.0
351.0,2020-03-11 17:00:00,ITA,19.0,Sicilia,38.11569725,13.362356699999998,23.0,1.0,24.0,57.0,81.0,21.0,2.0,0.0,83.0,1194.0
352.0,2020-03-11 17:00:00,ITA,9.0,Toscana,43.76923077,11.25588885,87.0,54.0,141.0,173.0,314.0,54.0,5.0,1.0,320.0,2804.0
353.0,2020-03-11 17:00:00,ITA,4.0,P.A. Trento,46.06893511,11.12123097,28.0,4.0,32.0,42.0,74.0,24.0,3.0,0.0,77.0,527.0
354.0,2020-03-11 17:00:00,ITA,10.0,Umbria,43.10675841,12.38824698,7.0,5.0,12.0,32.0,44.0,7.0,2.0,0.0,46.0,340.0
355.0,2020-03-11 17:00:00,ITA,2.0,Valle d'Aosta,45.73750286,7.320149366,2.0,0.0,2.0,17.0,19.0,2.0,0.0,1.0,20.0,99.0
356.0,2020-03-11 17:00:00,ITA,5.0,Veneto,45.43490485,12.33845213,262.0,68.0,330.0,610.0,940.0,157.0,54.0,29.0,1023.0,21400.0
357.0,2020-03-12 17:00:00,ITA,13.0,Abruzzo,42.35122196,13.39843823,47.0,12.0,59.0,19.0,78.0,41.0,4.0,2.0,84.0,867.0
358.0,2020-03-12 17:00:00,ITA,17.0,Basilicata,40.63947052,15.80514834,1.0,1.0,2.0,6.0,8.0,0.0,0.0,0.0,8.0,155.0
359.0,2020-03-12 17:00:00,ITA,4.0,P.A. Bolzano,46.49933453,11.35662422,21.0,4.0,25.0,78.0,103.0,28.0,0.0,1.0,104.0,607.0
360.0,2020-03-12 17:00:00,ITA,18.0,Calabria,38.90597598,16.59440194,14.0,2.0,16.0,16.0,32.0,15.0,1.0,0.0,33.0,483.0
361.0,2020-03-12 17:00:00,ITA,15.0,Campania,40.83956555,14.25084984,56.0,11.0,67.0,107.0,174.0,25.0,4.0,1.0,179.0,1551.0
362.0,2020-03-12 17:00:00,ITA,8.0,Emilia Romagna,44.49436681,11.341720800000001,814.0,112.0,926.0,832.0,1758.0,170.0,43.0,146.0,1947.0,7600.0
363.0,2020-03-12 17:00:00,ITA,6.0,Friuli Venezia Giulia,45.6494354,13.76813649,23.0,10.0,33.0,115.0,148.0,38.0,11.0,8.0,167.0,2604.0
364.0,2020-03-12 17:00:00,ITA,12.0,Lazio,41.89277044,12.48366722,85.0,20.0,105.0,67.0,172.0,47.0,19.0,9.0,200.0,5592.0
365.0,2020-03-12 17:00:00,ITA,7.0,Liguria,44.41149315,8.9326992,100.0,36.0,136.0,107.0,243.0,62.0,20.0,11.0,274.0,1174.0
366.0,2020-03-12 17:00:00,ITA,3.0,Lombardia,45.46679409,9.190347404,4247.0,605.0,4852.0,2044.0,6896.0,1133.0,1085.0,744.0,8725.0,29534.0
367.0,2020-03-12 17:00:00,ITA,11.0,Marche,43.61675973,13.5188753,254.0,76.0,330.0,240.0,570.0,109.0,0.0,22.0,592.0,1907.0
368.0,2020-03-12 17:00:00,ITA,14.0,Molise,41.55774754,14.65916051,4.0,3.0,7.0,9.0,16.0,0.0,0.0,0.0,16.0,238.0
369.0,2020-03-12 17:00:00,ITA,1.0,Piemonte,45.0732745,7.680687483,368.0,97.0,465.0,89.0,554.0,74.0,0.0,26.0,580.0,2879.0
370.0,2020-03-12 17:00:00,ITA,16.0,Puglia,41.12559576,16.86736689,58.0,2.0,60.0,38.0,98.0,27.0,1.0,5.0,104.0,1269.0
371.0,2020-03-12 17:00:00,ITA,20.0,Sardegna,39.21531192,9.110616306,12.0,0.0,12.0,27.0,39.0,2.0,0.0,0.0,39.0,302.0
372.0,2020-03-12 17:00:00,ITA,19.0,Sicilia,38.11569725,13.362356699999998,28.0,5.0,33.0,78.0,111.0,30.0,2.0,2.0,115.0,1477.0
373.0,2020-03-12 17:00:00,ITA,9.0,Toscana,43.76923077,11.25588885,100.0,59.0,159.0,193.0,352.0,38.0,7.0,5.0,364.0,3165.0
374.0,2020-03-12 17:00:00,ITA,4.0,P.A. Trento,46.06893511,11.12123097,43.0,5.0,48.0,54.0,102.0,28.0,4.0,1.0,107.0,593.0
375.0,2020-03-12 17:00:00,ITA,10.0,Umbria,43.10675841,12.38824698,8.0,8.0,16.0,46.0,62.0,18.0,2.0,0.0,64.0,458.0
376.0,2020-03-12 17:00:00,ITA,2.0,Valle d'Aosta,45.73750286,7.320149366,7.0,0.0,7.0,19.0,26.0,7.0,0.0,1.0,27.0,118.0
377.0,2020-03-12 17:00:00,ITA,5.0,Veneto,45.43490485,12.33845213,360.0,85.0,445.0,852.0,1297.0,357.0,55.0,32.0,1384.0,23438.0
378.0,2020-03-13 17:00:00,ITA,13.0,Abruzzo,42.35122196,13.39843823,42.0,14.0,56.0,27.0,83.0,5.0,4.0,2.0,89.0,958.0
379.0,2020-03-13 17:00:00,ITA,17.0,Basilicata,40.63947052,15.80514834,1.0,1.0,2.0,8.0,10.0,2.0,0.0,0.0,10.0,155.0
380.0,2020-03-13 17:00:00,ITA,4.0,P.A. Bolzano,46.49933453,11.35662422,20.0,5.0,25.0,98.0,123.0,20.0,0.0,2.0,125.0,811.0
381.0,2020-03-13 17:00:00,ITA,18.0,Calabria,38.90597598,16.59440194,18.0,3.0,21.0,16.0,37.0,5.0,1.0,0.0,38.0,504.0
382.0,2020-03-13 17:00:00,ITA,15.0,Campania,40.83956555,14.25084984,60.0,19.0,79.0,134.0,213.0,39.0,5.0,2.0,220.0,1671.0
383.0,2020-03-13 17:00:00,ITA,8.0,Emilia Romagna,44.49436681,11.341720800000001,942.0,128.0,1070.0,941.0,2011.0,253.0,51.0,201.0,2263.0,8787.0
384.0,2020-03-13 17:00:00,ITA,6.0,Friuli Venezia Giulia,45.6494354,13.76813649,59.0,8.0,67.0,169.0,236.0,88.0,11.0,10.0,257.0,3149.0
385.0,2020-03-13 17:00:00,ITA,12.0,Lazio,41.89277044,12.48366722,122.0,24.0,146.0,96.0,242.0,70.0,24.0,11.0,277.0,6491.0
386.0,2020-03-13 17:00:00,ITA,7.0,Liguria,44.41149315,8.9326992,128.0,44.0,172.0,132.0,304.0,61.0,24.0,17.0,345.0,1442.0
387.0,2020-03-13 17:00:00,ITA,3.0,Lombardia,45.46679409,9.190347404,4435.0,650.0,5085.0,2647.0,7732.0,836.0,1198.0,890.0,9820.0,32700.0
388.0,2020-03-13 17:00:00,ITA,11.0,Marche,43.61675973,13.5188753,337.0,85.0,422.0,276.0,698.0,128.0,0.0,27.0,725.0,2218.0
389.0,2020-03-13 17:00:00,ITA,14.0,Molise,41.55774754,14.65916051,5.0,3.0,8.0,9.0,17.0,1.0,0.0,0.0,17.0,243.0
390.0,2020-03-13 17:00:00,ITA,1.0,Piemonte,45.0732745,7.680687483,556.0,135.0,691.0,103.0,794.0,240.0,0.0,46.0,840.0,3105.0
391.0,2020-03-13 17:00:00,ITA,16.0,Puglia,41.12559576,16.86736689,77.0,2.0,79.0,42.0,121.0,23.0,3.0,5.0,129.0,1449.0
392.0,2020-03-13 17:00:00,ITA,20.0,Sardegna,39.21531192,9.110616306,12.0,0.0,12.0,31.0,43.0,4.0,0.0,0.0,43.0,504.0
393.0,2020-03-13 17:00:00,ITA,19.0,Sicilia,38.11569725,13.362356699999998,37.0,7.0,44.0,82.0,126.0,15.0,2.0,2.0,130.0,1950.0
394.0,2020-03-13 17:00:00,ITA,9.0,Toscana,43.76923077,11.25588885,134.0,77.0,211.0,244.0,455.0,103.0,10.0,5.0,470.0,4049.0
395.0,2020-03-13 17:00:00,ITA,4.0,P.A. Trento,46.06893511,11.12123097,58.0,6.0,64.0,93.0,157.0,55.0,4.0,2.0,163.0,846.0
396.0,2020-03-13 17:00:00,ITA,10.0,Umbria,43.10675841,12.38824698,11.0,10.0,21.0,52.0,73.0,11.0,2.0,1.0,76.0,576.0
397.0,2020-03-13 17:00:00,ITA,2.0,Valle d'Aosta,45.73750286,7.320149366,6.0,0.0,6.0,21.0,27.0,1.0,0.0,1.0,28.0,189.0
398.0,2020-03-13 17:00:00,ITA,5.0,Veneto,45.43490485,12.33845213,366.0,107.0,473.0,980.0,1453.0,156.0,100.0,42.0,1595.0,25691.0
399.0,2020-03-14 17:00:00,ITA,13.0,Abruzzo,42.35122196,13.39843823,51.0,14.0,65.0,41.0,106.0,23.0,4.0,2.0,112.0,1232.0
400.0,2020-03-14 17:00:00,ITA,17.0,Basilicata,40.63947052,15.80514834,0.0,2.0,2.0,8.0,10.0,0.0,0.0,0.0,10.0,155.0
401.0,2020-03-14 17:00:00,ITA,4.0,P.A. Bolzano,46.49933453,11.35662422,26.0,7.0,33.0,137.0,170.0,47.0,0.0,3.0,173.0,1135.0
402.0,2020-03-14 17:00:00,ITA,18.0,Calabria,38.90597598,16.59440194,22.0,4.0,26.0,33.0,59.0,22.0,1.0,0.0,60.0,711.0
403.0,2020-03-14 17:00:00,ITA,15.0,Campania,40.83956555,14.25084984,72.0,17.0,89.0,154.0,243.0,30.0,23.0,6.0,272.0,1936.0
404.0,2020-03-14 17:00:00,ITA,8.0,Emilia Romagna,44.49436681,11.341720800000001,1076.0,152.0,1228.0,1121.0,2349.0,338.0,54.0,241.0,2644.0,10043.0
405.0,2020-03-14 17:00:00,ITA,6.0,Friuli Venezia Giulia,45.6494354,13.76813649,67.0,11.0,78.0,193.0,271.0,35.0,17.0,13.0,301.0,3376.0
406.0,2020-03-14 17:00:00,ITA,12.0,Lazio,41.89277044,12.48366722,181.0,25.0,206.0,114.0,320.0,78.0,24.0,13.0,357.0,7335.0
407.0,2020-03-14 17:00:00,ITA,7.0,Liguria,44.41149315,8.9326992,213.0,62.0,275.0,109.0,384.0,80.0,52.0,27.0,463.0,1750.0
408.0,2020-03-14 17:00:00,ITA,3.0,Lombardia,45.46679409,9.190347404,4898.0,732.0,5630.0,3429.0,9059.0,1327.0,1660.0,966.0,11685.0,37138.0
409.0,2020-03-14 17:00:00,ITA,11.0,Marche,43.61675973,13.5188753,449.0,93.0,542.0,321.0,863.0,165.0,0.0,36.0,899.0,2561.0
410.0,2020-03-14 17:00:00,ITA,14.0,Molise,41.55774754,14.65916051,5.0,3.0,8.0,9.0,17.0,0.0,0.0,0.0,17.0,247.0
411.0,2020-03-14 17:00:00,ITA,1.0,Piemonte,45.0732745,7.680687483,538.0,150.0,688.0,126.0,814.0,20.0,0.0,59.0,873.0,3680.0
412.0,2020-03-14 17:00:00,ITA,16.0,Puglia,41.12559576,16.86736689,91.0,6.0,97.0,59.0,156.0,35.0,2.0,8.0,166.0,1681.0
413.0,2020-03-14 17:00:00,ITA,20.0,Sardegna,39.21531192,9.110616306,14.0,0.0,14.0,33.0,47.0,4.0,0.0,0.0,47.0,530.0
414.0,2020-03-14 17:00:00,ITA,19.0,Sicilia,38.11569725,13.362356699999998,42.0,11.0,53.0,97.0,150.0,24.0,4.0,2.0,156.0,2100.0
415.0,2020-03-14 17:00:00,ITA,9.0,Toscana,43.76923077,11.25588885,160.0,87.0,247.0,367.0,614.0,159.0,10.0,6.0,630.0,4595.0
416.0,2020-03-14 17:00:00,ITA,4.0,P.A. Trento,46.06893511,11.12123097,68.0,12.0,80.0,119.0,199.0,42.0,5.0,2.0,206.0,1006.0
417.0,2020-03-14 17:00:00,ITA,10.0,Umbria,43.10675841,12.38824698,21.0,11.0,32.0,71.0,103.0,30.0,3.0,1.0,107.0,748.0
418.0,2020-03-14 17:00:00,ITA,2.0,Valle d'Aosta,45.73750286,7.320149366,12.0,0.0,12.0,29.0,41.0,14.0,0.0,1.0,42.0,231.0
419.0,2020-03-14 17:00:00,ITA,5.0,Veneto,45.43490485,12.33845213,366.0,119.0,485.0,1290.0,1775.0,322.0,107.0,55.0,1937.0,26980.0
420.0,2020-03-15 17:00:00,ITA,13.0,Abruzzo,42.35122196,13.39843823,72.0,28.0,100.0,28.0,128.0,22.0,6.0,3.0,137.0,1419.0
421.0,2020-03-15 17:00:00,ITA,17.0,Basilicata,40.63947052,15.80514834,0.0,2.0,2.0,9.0,11.0,1.0,0.0,0.0,11.0,208.0
422.0,2020-03-15 17:00:00,ITA,4.0,P.A. Bolzano,46.49933453,11.35662422,50.0,4.0,54.0,145.0,199.0,29.0,0.0,5.0,204.0,1497.0
423.0,2020-03-15 17:00:00,ITA,18.0,Calabria,38.90597598,16.59440194,32.0,6.0,38.0,28.0,66.0,7.0,1.0,1.0,68.0,884.0
424.0,2020-03-15 17:00:00,ITA,15.0,Campania,40.83956555,14.25084984,73.0,22.0,95.0,201.0,296.0,53.0,28.0,9.0,333.0,2213.0
425.0,2020-03-15 17:00:00,ITA,8.0,Emilia Romagna,44.49436681,11.341720800000001,1215.0,169.0,1384.0,1357.0,2741.0,392.0,68.0,284.0,3093.0,12054.0
426.0,2020-03-15 17:00:00,ITA,6.0,Friuli Venezia Giulia,45.6494354,13.76813649,98.0,12.0,110.0,206.0,316.0,45.0,17.0,14.0,347.0,3407.0
427.0,2020-03-15 17:00:00,ITA,12.0,Lazio,41.89277044,12.48366722,223.0,31.0,254.0,142.0,396.0,76.0,24.0,16.0,436.0,8345.0
428.0,2020-03-15 17:00:00,ITA,7.0,Liguria,44.41149315,8.9326992,253.0,66.0,319.0,174.0,493.0,109.0,33.0,33.0,559.0,1973.0
429.0,2020-03-15 17:00:00,ITA,3.0,Lombardia,45.46679409,9.190347404,5500.0,767.0,6267.0,3776.0,10043.0,984.0,2011.0,1218.0,13272.0,40369.0
430.0,2020-03-15 17:00:00,ITA,11.0,Marche,43.61675973,13.5188753,521.0,98.0,619.0,468.0,1087.0,224.0,0.0,46.0,1133.0,2946.0
431.0,2020-03-15 17:00:00,ITA,14.0,Molise,41.55774754,14.65916051,3.0,4.0,7.0,10.0,17.0,0.0,0.0,0.0,17.0,248.0
432.0,2020-03-15 17:00:00,ITA,1.0,Piemonte,45.0732745,7.680687483,726.0,171.0,897.0,133.0,1030.0,216.0,0.0,81.0,1111.0,4375.0
433.0,2020-03-15 17:00:00,ITA,16.0,Puglia,41.12559576,16.86736689,116.0,6.0,122.0,90.0,212.0,56.0,2.0,16.0,230.0,2017.0
434.0,2020-03-15 17:00:00,ITA,20.0,Sardegna,39.21531192,9.110616306,16.0,0.0,16.0,59.0,75.0,28.0,0.0,2.0,77.0,613.0
435.0,2020-03-15 17:00:00,ITA,19.0,Sicilia,38.11569725,13.362356699999998,56.0,15.0,71.0,108.0,179.0,29.0,7.0,2.0,188.0,2452.0
436.0,2020-03-15 17:00:00,ITA,9.0,Toscana,43.76923077,11.25588885,175.0,107.0,282.0,481.0,763.0,149.0,10.0,8.0,781.0,5132.0
437.0,2020-03-15 17:00:00,ITA,4.0,P.A. Trento,46.06893511,11.12123097,73.0,19.0,92.0,275.0,367.0,168.0,5.0,6.0,378.0,1006.0
438.0,2020-03-15 17:00:00,ITA,10.0,Umbria,43.10675841,12.38824698,25.0,13.0,38.0,101.0,139.0,36.0,3.0,1.0,143.0,965.0
439.0,2020-03-15 17:00:00,ITA,2.0,Valle d'Aosta,45.73750286,7.320149366,10.0,3.0,13.0,43.0,56.0,15.0,0.0,1.0,57.0,230.0
440.0,2020-03-15 17:00:00,ITA,5.0,Veneto,45.43490485,12.33845213,426.0,129.0,555.0,1434.0,1989.0,214.0,120.0,63.0,2172.0,32546.0
441.0,2020-03-16 17:00:00,ITA,13.0,Abruzzo,42.35122196,13.39843823,71.0,37.0,108.0,57.0,165.0,37.0,7.0,4.0,176.0,1533.0
442.0,2020-03-16 17:00:00,ITA,17.0,Basilicata,40.63947052,15.80514834,1.0,2.0,3.0,9.0,12.0,1.0,0.0,0.0,12.0,230.0
443.0,2020-03-16 17:00:00,ITA,4.0,P.A. Bolzano,46.49933453,11.35662422,53.0,11.0,64.0,171.0,235.0,36.0,0.0,6.0,241.0,1740.0
444.0,2020-03-16 17:00:00,ITA,18.0,Calabria,38.90597598,16.59440194,36.0,7.0,43.0,44.0,87.0,21.0,1.0,1.0,89.0,1030.0
445.0,2020-03-16 17:00:00,ITA,15.0,Campania,40.83956555,14.25084984,103.0,22.0,125.0,238.0,363.0,67.0,28.0,9.0,400.0,2517.0
446.0,2020-03-16 17:00:00,ITA,8.0,Emilia Romagna,44.49436681,11.341720800000001,1362.0,197.0,1559.0,1529.0,3088.0,347.0,88.0,346.0,3522.0,13096.0
447.0,2020-03-16 17:00:00,ITA,6.0,Friuli Venezia Giulia,45.6494354,13.76813649,96.0,19.0,115.0,231.0,346.0,30.0,18.0,22.0,386.0,4851.0
448.0,2020-03-16 17:00:00,ITA,12.0,Lazio,41.89277044,12.48366722,267.0,31.0,298.0,174.0,472.0,76.0,32.0,19.0,523.0,9330.0
449.0,2020-03-16 17:00:00,ITA,7.0,Liguria,44.41149315,8.9326992,255.0,73.0,328.0,247.0,575.0,82.0,42.0,50.0,667.0,2189.0
450.0,2020-03-16 17:00:00,ITA,3.0,Lombardia,45.46679409,9.190347404,6171.0,823.0,6994.0,3867.0,10861.0,818.0,2368.0,1420.0,14649.0,43565.0
451.0,2020-03-16 17:00:00,ITA,11.0,Marche,43.61675973,13.5188753,528.0,110.0,638.0,547.0,1185.0,98.0,0.0,57.0,1242.0,3225.0
452.0,2020-03-16 17:00:00,ITA,14.0,Molise,41.55774754,14.65916051,3.0,5.0,8.0,7.0,15.0,-2.0,5.0,1.0,21.0,253.0
453.0,2020-03-16 17:00:00,ITA,1.0,Piemonte,45.0732745,7.680687483,1045.0,186.0,1231.0,174.0,1405.0,375.0,0.0,111.0,1516.0,5588.0
454.0,2020-03-16 17:00:00,ITA,16.0,Puglia,41.12559576,16.86736689,116.0,6.0,122.0,90.0,212.0,0.0,2.0,16.0,230.0,2017.0
455.0,2020-03-16 17:00:00,ITA,20.0,Sardegna,39.21531192,9.110616306,39.0,0.0,39.0,66.0,105.0,30.0,0.0,2.0,107.0,797.0
456.0,2020-03-16 17:00:00,ITA,19.0,Sicilia,38.11569725,13.362356699999998,75.0,20.0,95.0,108.0,203.0,24.0,8.0,2.0,213.0,2653.0
457.0,2020-03-16 17:00:00,ITA,9.0,Toscana,43.76923077,11.25588885,175.0,107.0,282.0,559.0,841.0,78.0,11.0,14.0,866.0,5910.0
458.0,2020-03-16 17:00:00,ITA,4.0,P.A. Trento,46.06893511,11.12123097,73.0,19.0,92.0,275.0,367.0,0.0,5.0,6.0,378.0,1006.0
459.0,2020-03-16 17:00:00,ITA,10.0,Umbria,43.10675841,12.38824698,30.0,15.0,45.0,114.0,159.0,20.0,4.0,1.0,164.0,1093.0
460.0,2020-03-16 17:00:00,ITA,2.0,Valle d'Aosta,45.73750286,7.320149366,28.0,5.0,33.0,70.0,103.0,47.0,0.0,2.0,105.0,287.0
461.0,2020-03-16 17:00:00,ITA,5.0,Veneto,45.43490485,12.33845213,498.0,156.0,654.0,1620.0,2274.0,285.0,130.0,69.0,2473.0,35052.0
462.0,2020-03-17 17:00:00,ITA,13.0,Abruzzo,42.35122196,13.39843823,94.0,32.0,126.0,90.0,216.0,51.0,7.0,6.0,229.0,1688.0
463.0,2020-03-17 17:00:00,ITA,17.0,Basilicata,40.63947052,15.80514834,5.0,2.0,7.0,13.0,20.0,8.0,0.0,0.0,20.0,262.0
464.0,2020-03-17 17:00:00,ITA,4.0,P.A. Bolzano,46.49933453,11.35662422,71.0,11.0,82.0,200.0,282.0,47.0,1.0,8.0,291.0,2149.0
465.0,2020-03-17 17:00:00,ITA,18.0,Calabria,38.90597598,16.59440194,45.0,10.0,55.0,57.0,112.0,25.0,1.0,1.0,114.0,1293.0
466.0,2020-03-17 17:00:00,ITA,15.0,Campania,40.83956555,14.25084984,127.0,24.0,151.0,272.0,423.0,60.0,28.0,9.0,460.0,2685.0
467.0,2020-03-17 17:00:00,ITA,8.0,Emilia Romagna,44.49436681,11.341720800000001,1566.0,223.0,1789.0,1615.0,3404.0,316.0,134.0,393.0,3931.0,14510.0
468.0,2020-03-17 17:00:00,ITA,6.0,Friuli Venezia Giulia,45.6494354,13.76813649,104.0,21.0,125.0,222.0,347.0,1.0,17.0,30.0,394.0,4958.0
469.0,2020-03-17 17:00:00,ITA,12.0,Lazio,41.89277044,12.48366722,314.0,44.0,358.0,192.0,550.0,78.0,34.0,23.0,607.0,9436.0
470.0,2020-03-17 17:00:00,ITA,7.0,Liguria,44.41149315,8.9326992,299.0,85.0,384.0,277.0,661.0,86.0,57.0,60.0,778.0,2509.0
471.0,2020-03-17 17:00:00,ITA,3.0,Lombardia,45.46679409,9.190347404,6953.0,879.0,7832.0,4263.0,12095.0,1234.0,2485.0,1640.0,16220.0,46449.0
472.0,2020-03-17 17:00:00,ITA,11.0,Marche,43.61675973,13.5188753,599.0,109.0,708.0,594.0,1302.0,117.0,0.0,69.0,1371.0,3225.0
473.0,2020-03-17 17:00:00,ITA,14.0,Molise,41.55774754,14.65916051,7.0,5.0,12.0,7.0,19.0,4.0,5.0,1.0,25.0,301.0
474.0,2020-03-17 17:00:00,ITA,1.0,Piemonte,45.0732745,7.680687483,1378.0,206.0,1584.0,180.0,1764.0,359.0,0.0,133.0,1897.0,6543.0
475.0,2020-03-17 17:00:00,ITA,16.0,Puglia,41.12559576,16.86736689,155.0,14.0,169.0,151.0,320.0,108.0,2.0,18.0,340.0,3077.0
476.0,2020-03-17 17:00:00,ITA,20.0,Sardegna,39.21531192,9.110616306,36.0,4.0,40.0,75.0,115.0,10.0,0.0,2.0,117.0,1003.0
477.0,2020-03-17 17:00:00,ITA,19.0,Sicilia,38.11569725,13.362356699999998,86.0,28.0,114.0,112.0,226.0,23.0,8.0,3.0,237.0,2916.0
478.0,2020-03-17 17:00:00,ITA,9.0,Toscana,43.76923077,11.25588885,329.0,143.0,472.0,552.0,1024.0,183.0,12.0,17.0,1053.0,6727.0
479.0,2020-03-17 17:00:00,ITA,4.0,P.A. Trento,46.06893511,11.12123097,107.0,22.0,129.0,239.0,368.0,1.0,10.0,7.0,385.0,1727.0
480.0,2020-03-17 17:00:00,ITA,10.0,Umbria,43.10675841,12.38824698,36.0,21.0,57.0,135.0,192.0,33.0,4.0,1.0,197.0,1323.0
481.0,2020-03-17 17:00:00,ITA,2.0,Valle d'Aosta,45.73750286,7.320149366,35.0,6.0,41.0,93.0,134.0,31.0,0.0,2.0,136.0,398.0
482.0,2020-03-17 17:00:00,ITA,5.0,Veneto,45.43490485,12.33845213,548.0,171.0,719.0,1769.0,2488.0,214.0,136.0,80.0,2704.0,35478.0
